{
    "total_variance_kept": 0.9572046107456841,
    "variance_per_component": [
        0.13071259326081092,
        0.08115385753518786,
        0.06531078317291866,
        0.06343586732236493,
        0.04900110190142886,
        0.04847527403875139,
        0.048106365169167865,
        0.044356091899166734,
        0.03915701867334425,
        0.03799621108694164,
        0.037051047277312135,
        0.036361916412365046,
        0.03582343131587987,
        0.03390103567609844,
        0.03206679627485084,
        0.03090075571831962,
        0.027085322100712003,
        0.026526469029405846,
        0.025747938310099784,
        0.0231522115350481,
        0.021509731319566683,
        0.019372791715942608
    ]
}